Datetime,Water Level (m)
2026-09-06 00:00:00,1.0461596
2026-09-06 01:00:00,0.78673553
2026-09-06 02:00:00,0.43934175
2026-09-06 03:00:00,0.14996839
2026-09-06 04:00:00,-0.068036765
2026-09-06 05:00:00,-0.1970902
2026-09-06 06:00:00,-0.194451
2026-09-06 07:00:00,-0.03784377
2026-09-06 08:00:00,0.19753979
2026-09-06 09:00:00,0.47514156
2026-09-06 10:00:00,0.717382
2026-09-06 11:00:00,0.82668024
2026-09-06 12:00:00,0.7906425
2026-09-06 13:00:00,0.645959
2026-09-06 14:00:00,0.3936535
2026-09-06 15:00:00,0.09673433
2026-09-06 16:00:00,-0.16803214
2026-09-06 17:00:00,-0.3130953
2026-09-06 18:00:00,-0.34625968
2026-09-06 19:00:00,-0.25697812
2026-09-06 20:00:00,0.018402316
2026-09-06 21:00:00,0.4086356
2026-09-06 22:00:00,0.77249366
2026-09-06 23:00:00,1.0782701
2026-09-07 00:00:00,1.2332336
2026-09-07 01:00:00,1.1952108
2026-09-07 02:00:00,0.9882929
2026-09-07 03:00:00,0.6544876
2026-09-07 04:00:00,0.27049026
2026-09-07 05:00:00,-0.09412118
2026-09-07 06:00:00,-0.3191994
2026-09-07 07:00:00,-0.3613631
2026-09-07 08:00:00,-0.28058234
2026-09-07 09:00:00,-0.009699198
2026-09-07 10:00:00,0.39524662
2026-09-07 11:00:00,0.7685712
2026-09-07 12:00:00,1.0261619
2026-09-07 13:00:00,1.0944045
2026-09-07 14:00:00,0.97389275
2026-09-07 15:00:00,0.6662296
2026-09-07 16:00:00,0.24286786
2026-09-07 17:00:00,-0.1752286
2026-09-07 18:00:00,-0.46193278
2026-09-07 19:00:00,-0.54060626
2026-09-07 20:00:00,-0.46162716
2026-09-07 21:00:00,-0.16761102
2026-09-07 22:00:00,0.3094849
2026-09-07 23:00:00,0.8414248
2026-09-08 00:00:00,1.238745
2026-09-08 01:00:00,1.4263415
2026-09-08 02:00:00,1.3940338
2026-09-08 03:00:00,1.1240497
2026-09-08 04:00:00,0.6837309
2026-09-08 05:00:00,0.19139297
2026-09-08 06:00:00,-0.2554907
2026-09-08 07:00:00,-0.53756636
2026-09-08 08:00:00,-0.5826085
2026-09-08 09:00:00,-0.4686205
2026-09-08 10:00:00,-0.12722367
2026-09-08 11:00:00,0.4017177
2026-09-08 12:00:00,0.8879225
2026-09-08 13:00:00,1.2071977
2026-09-08 14:00:00,1.2928448
2026-09-08 15:00:00,1.1320281
2026-09-08 16:00:00,0.73723125
2026-09-08 17:00:00,0.22779083
2026-09-08 18:00:00,-0.27220532
2026-09-08 19:00:00,-0.61007446
2026-09-08 20:00:00,-0.69909555
2026-09-08 21:00:00,-0.5846983
2026-09-08 22:00:00,-0.25590217
2026-09-08 23:00:00,0.3376028
2026-09-09 00:00:00,0.9866509
2026-09-09 01:00:00,1.4331998
2026-09-09 02:00:00,1.6351054
2026-09-09 03:00:00,1.5720037
2026-09-09 04:00:00,1.2134304
2026-09-09 05:00:00,0.6428186
2026-09-09 06:00:00,0.04987711
2026-09-09 07:00:00,-0.4487626
2026-09-09 08:00:00,-0.71836257
2026-09-09 09:00:00,-0.73529434
2026-09-09 10:00:00,-0.5106778
2026-09-09 11:00:00,-0.046735063
2026-09-09 12:00:00,0.6190594
2026-09-09 13:00:00,1.1855586
2026-09-09 14:00:00,1.4966011
2026-09-09 15:00:00,1.520007
2026-09-09 16:00:00,1.2672514
2026-09-09 17:00:00,0.7565706
2026-09-09 18:00:00,0.13983107
2026-09-09 19:00:00,-0.41628513
2026-09-09 20:00:00,-0.7425131
2026-09-09 21:00:00,-0.79613435
2026-09-09 22:00:00,-0.6263176
2026-09-09 23:00:00,-0.17626105
2026-09-10 00:00:00,0.555144
2026-09-10 01:00:00,1.224235
2026-09-10 02:00:00,1.6568501
2026-09-10 03:00:00,1.8056064
2026-09-10 04:00:00,1.6345904
2026-09-10 05:00:00,1.128552
2026-09-10 06:00:00,0.47661796
2026-09-10 07:00:00,-0.18240848
2026-09-10 08:00:00,-0.6829526
2026-09-10 09:00:00,-0.92313033
2026-09-10 10:00:00,-0.7977138
2026-09-10 11:00:00,-0.4241442
2026-09-10 12:00:00,0.16292292
2026-09-10 13:00:00,0.93865305
2026-09-10 14:00:00,1.4702187
2026-09-10 15:00:00,1.7044384
2026-09-10 16:00:00,1.6317133
2026-09-10 17:00:00,1.2443224
2026-09-10 18:00:00,0.6106452
2026-09-10 19:00:00,-0.07361972
2026-09-10 20:00:00,-0.6162803
2026-09-10 21:00:00,-0.90055925
2026-09-10 22:00:00,-0.9310945
2026-09-10 23:00:00,-0.5466789
2026-09-11 00:00:00,0.013882029
2026-09-11 01:00:00,0.8144552
2026-09-11 02:00:00,1.460576
2026-09-11 03:00:00,1.816
2026-09-11 04:00:00,1.8341678
2026-09-11 05:00:00,1.5111184
2026-09-11 06:00:00,0.9000783
2026-09-11 07:00:00,0.1798868
2026-09-11 08:00:00,-0.47486582
2026-09-11 09:00:00,-0.8704764
2026-09-11 10:00:00,-1.0182831
2026-09-11 11:00:00,-0.7470433
2026-09-11 12:00:00,-0.26030862
2026-09-11 13:00:00,0.49494967
2026-09-11 14:00:00,1.248145
2026-09-11 15:00:00,1.6845988
2026-09-11 16:00:00,1.8171546
2026-09-11 17:00:00,1.6179773
2026-09-11 18:00:00,1.0775069
2026-09-11 19:00:00,0.3706408
2026-09-11 20:00:00,-0.30981907
2026-09-11 21:00:00,-0.7599082
2026-09-11 22:00:00,-0.96662223
2026-09-11 23:00:00,-0.80355453
2026-09-12 00:00:00,-0.35712087
